{"query":{"count":1,"created":"2016-08-31T09:49:18Z","lang":"en-US","diagnostics":{"cache":{"execution-start-time":"1","execution-stop-time":"3","execution-time":"2","method":"GET","type":"MEMCACHED","content":"TABLE.queryyahooapiscomproductionsg3.cricket.scorecard.a3cf91d9ae36998ce8fb4e6774a25d8a"},"publiclyCallable":"true","url":{"execution-start-time":"4","execution-stop-time":"610","execution-time":"606","content":"http://cricketwebservice/ws/cwsapi/live/scorecard.php?output=full&match_id=11985"},"user-time":"614","service-time":"608","build-version":"0.2.48"},"results":{"Scorecard":{"v":"0","mid":"11985","m":"1","series":{"series_id":"1282","series_name":"New Zealand in India Test Series, 3 Test Cricket Series, 2010"},"ecf":"0","place":{"vid":"158","stadium":"Rajiv Gandhi International Stadium, Hyderabad","city":"Hyderabad","country":"India","Gimaget":"https://s.yimg.com/qx/cricket/fufp/images/venue_158_thumb-4-3-2012-d457a59ad493c268addf3904f623a0c6.jpg","date":"20101112040000","enddate":"20101116110000"},"mn":"2nd Test","teams":[{"i":"4","fn":"India","sn":"IND","logo":{"std":"https://s.yimg.com/qx/cricket/fufp/images/india-26-2-2013-7bc0143dc758960959d93127dcbe8f71.jpg","small":"https://s.yimg.com/qx/cricket/fufp/images/india_small-26-2-2013-fd8756ab515d2b79ea0e3a43ac580615.jpg"},"flag":{"std":"https://s.yimg.com/qx/cricket/fufp/images/india_flag-1-2-2011-0fa2af8a7fb72b445cf841cf27ff119a.gif","small":"https://s.yimg.com/qx/cricket/fufp/images/india_flag_small-1-2-2011-19e94f1d1081d5dde82b381bf8c783b6.gif","roundstd":"https://s.yimg.com/qx/cricket/fufp/images/4-11-2-2012-5651d44338907e593f94773398fac650.png","roundsmall":"https://s.yimg.com/qx/cricket/fufp/images/4_s-11-2-2012-dd77610cb84ba225571610f4d3b52097.png","roundlarge":"https://s.yimg.com/qx/cricket/fufp/images/4_l-11-2-2012-b8ce58599a586b164189b090b45c07e1.png"},"squad":[{"bwlstyle":{"short":"LB","long":"Leg break"},"hand":{"short":"LHB","long":"Left Handed"},"photo":"https://s.yimg.com/qx/cricket/fufp/images/3478_thumb-16-1-2011-6c443ad6f910e5e04273dac1e4260c52.jpg","age":"35","i":"3478","short":"Gautam Gambhir","medium":"Gautam Gambhir","full":"Gautam Gambhir","captain":"no","keeper":"no","vicecaptain":null},{"bwlstyle":{"short":"OB","long":"Off break"},"hand":{"short":"RHB","long":"Right Handed"},"photo":"https://s.yimg.com/qx/cricket/fufp/images/1367_thumb-16-1-2011-9850984428db8d1a98a545687e1709a3.jpg","age":"36","i":"1367","short":"Harbhajan Singh","medium":"Harbhajan Singh","full":"Harbhajan Singh","captain":"no","keeper":"no","vicecaptain":null},{"bwlstyle":{"short":"RM","long":"Right-arm medium"},"hand":{"short":"RHB","long":"Right Handed"},"photo":"https://s.yimg.com/qx/cricket/fufp/images/3676_thumb-16-1-2011-4b3f755e552adeb0e6283279b0e815b1.jpg","age":"35","i":"3676","short":"MS Dhoni","medium":"MS Dhoni","full":"MS Dhoni","captain":"yes","keeper":"yes","vicecaptain":null},{"bwlstyle":{"short":"SLA","long":"Slow left-arm orthodox"},"hand":{"short":"LHB","long":"Left Handed"},"photo":"https://s.yimg.com/qx/cricket/fufp/images/3995_thumb-26-5-2009-3fe1b9509b9f035bc9427622bf192db0.jpg","age":"30","i":"3995","short":"Pragyan Ojha","medium":"Pragyan Ojha","full":"Pragyan Ojha","captain":"no","keeper":"no","vicecaptain":null},{"bwlstyle":{"short":"OB","long":"Off break"},"hand":{"short":"RHB","long":"Right Handed"},"photo":"https://s.yimg.com/qx/cricket/fufp/images/1004_thumb-9-3-2012-1b7471c8308f5bf97f5ebc616f8a1a64.jpg","age":"44","i":"1004","short":"Rahul Dravid","medium":"Rahul Dravid","full":"Rahul Dravid","captain":"no","keeper":"no","vicecaptain":null},{"bwlstyle":{"short":"OB","long":"Off break"},"hand":{"short":"RHB","long":"Right Handed"},"photo":"https://s.yimg.com/qx/cricket/fufp/images/2962_thumb-16-1-2011-c0498d31775b0b23e190716d657724be.jpg","age":"43","i":"2962","short":"Sachin Tendulkar","medium":"Sachin Tendulkar","full":"Sachin Tendulkar","captain":"no","keeper":"no","vicecaptain":null},{"bwlstyle":{"short":"RFM","long":"Right-arm fast medium"},"hand":{"short":"RHB","long":"Right Handed"},"photo":"https://s.yimg.com/qx/cricket/fufp/images/3726_thumb-16-1-2011-b2bd2218d6623616f24e360a3f8e2090.jpg","age":"34","i":"3726","short":"Sreesanth","medium":"Sreesanth","full":"Sreesanth","captain":"no","keeper":"no","vicecaptain":null},{"bwlstyle":{"short":"OB","long":"Off break"},"hand":{"short":"LHB","long":"Left Handed"},"photo":"https://s.yimg.com/qx/cricket/fufp/images/3700_thumb-16-1-2011-4cf1e6700dd0283a078a2bb7da18aa51.jpg","age":"30","i":"3700","short":"Suresh Raina","medium":"Suresh Raina","full":"Suresh Raina","captain":"no","keeper":"no","vicecaptain":null},{"bwlstyle":{"short":"OB","long":"Off break"},"hand":{"short":"RHB","long":"Right Handed"},"photo":"https://s.yimg.com/qx/cricket/fufp/images/270_thumb-16-1-2011-3e4cfb3f786b9cfa818cde4f671bbcee.jpg","age":"38","i":"270","short":"Virender Sehwag","medium":"Virender Sehwag","full":"Virender Sehwag","captain":"no","keeper":"no","vicecaptain":null},{"bwlstyle":{"short":"OB","long":"Off break"},"hand":{"short":"RHB","long":"Right Handed"},"photo":"https://s.yimg.com/qx/cricket/fufp/images/1804_thumb-8426528dc2a16e89fda1c2455e114bc1.jpg","age":"42","i":"1804","short":"VVS Laxman","medium":"VVS Laxman","full":"VVS Laxman","captain":"no","keeper":"no","vicecaptain":null},{"bwlstyle":{"short":"LFM","long":"Left-arm fast medium"},"hand":{"short":"RHB","long":"Right Handed"},"photo":"https://s.yimg.com/qx/cricket/fufp/images/1717_thumb-16-1-2011-62fbf71f264e523dd45a2e6b71e14859.jpg","age":"38","i":"1717","short":"Zaheer Khan","medium":"Zaheer Khan","full":"Zaheer Khan","captain":"no","keeper":"no","vicecaptain":null}]},{"i":"5","fn":"New Zealand","sn":"NZ","logo":{"std":"https://s.yimg.com/qx/cricket/fufp/images/new_zealand-26-2-2013-e83c496a930a420848b561c210dbbaf4.jpg","small":"https://s.yimg.com/qx/cricket/fufp/images/new_zealand_small-26-2-2013-f3b6a4b8899eb627854a956677ea2c53.jpg"},"flag":{"std":"https://s.yimg.com/qx/cricket/fufp/images/new_zealand_flag-1-2-2011-47faa19586061974b01c99058628d32e.gif","small":"https://s.yimg.com/qx/cricket/fufp/images/new_zealand_flag_small-1-2-2011-648a3001043e4d94a5eebd9dfe9a88a5.gif","roundstd":"https://s.yimg.com/qx/cricket/fufp/images/5-11-2-2012-36848dfcad81aae16dfc28cc1c506618.png","roundsmall":"https://s.yimg.com/qx/cricket/fufp/images/5_s-11-2-2012-a3e1d867528e59013ea81407d1fdfe02.png","roundlarge":"https://s.yimg.com/qx/cricket/fufp/images/5_l-11-2-2012-78e43d8e16ee76e5f28da1a679de2eff.png"},"squad":[{"bwlstyle":{"short":"RM","long":"Right-arm medium"},"hand":{"short":"RHB","long":"Right Handed"},"photo":"https://s.yimg.com/qx/cricket/fufp/images/1979_thumb-20-6-2012-1a5667d1efcfd27ea40091275301fbe8.jpg","age":"35","i":"1979","short":"Brendon McCullum","medium":"Brendon McCullum","full":"Brendon McCullum","captain":"no","keeper":"no","vicecaptain":null},{"bwlstyle":{"short":"RFM","long":"Right-arm fast medium"},"hand":{"short":"RHB","long":"Right Handed"},"photo":"https://s.yimg.com/qx/cricket/fufp/images/4962_thumb-20-6-2012-3833db40b1a23f4620e46feaa5c984e2.jpg","age":"38","i":"4962","short":"Brent Arnel","medium":"Brent Arnel","full":"Brent Arnel","captain":"no","keeper":"no","vicecaptain":null},{"bwlstyle":{"short":"RFM","long":"Right-arm fast medium"},"hand":{"short":"RHB","long":"Right Handed"},"photo":"https://s.yimg.com/qx/cricket/fufp/images/1937_thumb-20-6-2012-325932ca43c76d4c1cd21170f9b44362.jpg","age":"42","i":"1937","short":"Chris Martin","medium":"Chris Martin","full":"Chris Martin","captain":"no","keeper":"no","vicecaptain":null},{"bwlstyle":{"short":"SLA","long":"Slow left-arm orthodox"},"hand":{"short":"LHB","long":"Left Handed"},"photo":"https://s.yimg.com/qx/cricket/fufp/images/3083_thumb-20-6-2012-9d23913239fc1786a58f074a904c2e66.jpg","age":"38","i":"3083","short":"Daniel Vettori","medium":"Daniel Vettori","full":"Daniel Vettori","captain":"yes","keeper":"no","vicecaptain":null},{"bwlstyle":{"short":"-","long":"-"},"hand":{"short":"RHB","long":"Right Handed"},"photo":"https://s.yimg.com/qx/cricket/fufp/images/3568_thumb-20-6-2012-828aa4102a6c8bca6c515418c190a577.jpg","age":"40","i":"3568","short":"Gareth Hopkins","medium":"Gareth Hopkins","full":"Gareth Hopkins","captain":"no","keeper":"yes","vicecaptain":null},{"bwlstyle":{"short":"RM","long":"Right-arm medium"},"hand":{"short":"LHB","long":"Left Handed"},"photo":"https://s.yimg.com/qx/cricket/fufp/images/4234_thumb-20-6-2012-e89a99a44831c71f3a510d3a02faf16e.jpg","age":"32","i":"4234","short":"Jesse Ryder","medium":"Jesse Ryder","full":"Jesse Ryder","captain":"no","keeper":"no","vicecaptain":null},{"bwlstyle":{"short":"OB","long":"Off break"},"hand":{"short":"RHB","long":"Right Handed"},"photo":"https://s.yimg.com/qx/cricket/fufp/images/4330_thumb-20-6-2012-3e4b6480bd81313211c8a8eda25385de.jpg","age":"26","i":"4330","short":"Kane Williamson","medium":"Kane Williamson","full":"Kane Williamson","captain":"no","keeper":"no","vicecaptain":null},{"bwlstyle":{"short":"OB","long":"Off break"},"hand":{"short":"RHB","long":"Right Handed"},"photo":"https://s.yimg.com/qx/cricket/fufp/images/4964_thumb-20-6-2012-8b71fda9ac85ce2143205c9bffbe10e6.jpg","age":"30","i":"4964","short":"Martin Guptill","medium":"Martin Guptill","full":"Martin Guptill","captain":"no","keeper":"no","vicecaptain":null},{"bwlstyle":{"short":"OB","long":"Off break"},"hand":{"short":"RHB","long":"Right Handed"},"photo":"https://s.yimg.com/qx/cricket/fufp/images/3752_thumb-20-6-2012-8be924147372934d5d1b75f84c9bb12d.jpg","age":"33","i":"3752","short":"Ross Taylor","medium":"Ross Taylor","full":"Ross Taylor","captain":"no","keeper":"no","vicecaptain":null},{"bwlstyle":{"short":"-","long":"-"},"hand":{"short":"LHB","long":"Left Handed"},"photo":"https://s.yimg.com/qx/cricket/fufp/images/5342_thumb-20-6-2012-7759478b5534abcd3ffcefa9cdb28e97.jpg","age":"37","i":"5342","short":"Tim McIntosh","medium":"Tim McIntosh","full":"Tim McIntosh","captain":"no","keeper":"no","vicecaptain":null},{"bwlstyle":{"short":"RMF","long":"Right-arm medium fast"},"hand":{"short":"RHB","long":"Right Handed"},"photo":"https://s.yimg.com/qx/cricket/fufp/images/4235_thumb-20-6-2012-2f36743a93cb92b10c1148a81a5ad7c4.jpg","age":"28","i":"4235","short":"Tim Southee","medium":"Tim Southee","full":"Tim Southee","captain":"no","keeper":"no","vicecaptain":null}]}],"ps":"0","past_ings":[{"s":{"m":"1","t":"1","i":"4","ps":"0","dm":"Day 5","sn":"2","ro":"13","d":"Match Ended","a":{"fo":"0","pp":null,"i":"4","cr":"4","r":"68","o":"17","w":"0","b":"0","lb":"0","wd":"0","nb":"0","pt":"0","l":"0","ru":"259","ro":"13","cp":{"cp":"68","bls":"102","s":"0"}},"toss":{"win":"5","bat":"1","text":"xxx-xxx-xxx"},"result":{"r":"2","winner":"0","by":"xxx-xxx-xxx","how":"drew","isdl":"0","isso":"0","isff":"0","desc":null,"mom":{"fn":"Brendon McCullum","i":"0"}},"ts":"1289905289","rts":"1289901784","fw":null},"d":{"a":{"t":[{"i":"3478","a":"3","c":"not out","b":"48","r":"14","sr":"29.1666667","six":"0","four":"0"},{"i":"270","a":"2","c":"not out","b":"54","r":"54","sr":"100","six":"1","four":"6"},{"i":"1004","a":"1","c":null,"b":"0","r":"0","sr":"0","six":"0","four":"0"},{"i":"2962","a":"1","c":null,"b":"0","r":"0","sr":"0","six":"0","four":"0"},{"i":"3700","a":"1","c":null,"b":"0","r":"0","sr":"0","six":"0","four":"0"},{"i":"1804","a":"1","c":null,"b":"0","r":"0","sr":"0","six":"0","four":"0"},{"i":"3676","a":"1","c":null,"b":"0","r":"0","sr":"0","six":"0","four":"0"},{"i":"1367","a":"1","c":null,"b":"0","r":"0","sr":"0","six":"0","four":"0"},{"i":"1717","a":"1","c":null,"b":"0","r":"0","sr":"0","six":"0","four":"0"},{"i":"3995","a":"1","c":null,"b":"0","r":"0","sr":"0","six":"0","four":"0"},{"i":"3726","a":"1","c":null,"b":"0","r":"0","sr":"0","six":"0","four":"0"}]},"o":{"t":[{"i":"4235","a":"3","o":"4","mo":"0","r":"11","w":"0","nb":"0","wd":"0","sr":"2.75"},{"i":"4962","a":"3","o":"5","mo":"1","r":"11","w":"0","nb":"0","wd":"0","sr":"2.2"},{"i":"4964","a":"3","o":"5","mo":"0","r":"33","w":"0","nb":"0","wd":"0","sr":"6.6"},{"i":"3752","a":"3","o":"3","mo":"0","r":"13","w":"0","nb":"0","wd":"0","sr":"4.33"}]}}},{"s":{"m":"1","t":"1","i":"3","ps":"0","dm":"Day 5","sn":"2","d":"Innings Break","a":{"fo":"0","pp":null,"i":"5","cr":"3.32","r":"448","o":"135","w":"8","b":"4","lb":"3","wd":"2","nb":"5","pt":"0","l":"1","tl":"leads by 326","cp":{"cp":"1","bls":"17","s":"0"}},"toss":{"win":"5","bat":"1","text":"xxx-xxx-xxx"},"result":"0","ts":"1289898289","fw":[{"o":"1","t":"125","id":"5342","ov":"35.4"},{"o":"2","t":"174","id":"4964","ov":"54"},{"o":"3","t":"187","id":"3752","ov":"60.1"},{"o":"4","t":"221","id":"4234","ov":"68.3"},{"o":"5","t":"345","id":"4330","ov":"108"},{"o":"6","t":"396","id":"3083","ov":"121"},{"o":"7","t":"431","id":"1979","ov":"128.3"},{"o":"8","t":"447","id":"4235","ov":"132.1"}]},"d":{"a":{"t":[{"i":"5342","a":"1","c":"c sub b Pragyan Ojha","b":"126","r":"49","sr":"38.8888889","six":"1","four":"6"},{"i":"1979","a":"1","c":"c Suresh Raina b Sreesanth","b":"308","r":"225","sr":"73.0519481","six":"4","four":"22"},{"i":"4964","a":"1","c":"c MS Dhoni b Pragyan Ojha","b":"67","r":"18","sr":"26.8656716","six":"0","four":"1"},{"i":"3752","a":"1","c":"b Sreesanth","b":"19","r":"7","sr":"36.8421053","six":"0","four":"0"},{"i":"4234","a":"1","c":"c MS Dhoni b Suresh Raina","b":"31","r":"20","sr":"64.516129","six":"0","four":"3"},{"i":"4330","a":"1","c":"lbw b Harbhajan Singh","b":"146","r":"69","sr":"47.260274","six":"0","four":"9"},{"i":"3083","a":"1","c":"c Rahul Dravid b Suresh Raina","b":"52","r":"23","sr":"44.2307692","six":"1","four":"3"},{"i":"3568","a":"3","c":"Batting","b":"43","r":"11","sr":"25.5813953","six":"0","four":"1"},{"i":"4235","a":"1","c":"b Sreesanth","b":"13","r":"11","sr":"84.6153846","six":"0","four":"2"},{"i":"4962","a":"2","c":"Batting","b":"10","r":"1","sr":"10","six":"0","four":"0"},{"i":"1937","a":"1","c":null,"b":"0","r":"0","sr":"0","six":"0","four":"0"}]},"o":{"t":[{"i":"1717","a":"3","o":"7.3","mo":"1","r":"21","w":"0","nb":"0","wd":"0","sr":"2.8"},{"i":"3726","a":"5","o":"27","mo":"5","r":"121","w":"3","nb":"4","wd":"2","sr":"4.48"},{"i":"3995","a":"5","o":"47.3","mo":"14","r":"137","w":"2","nb":"0","wd":"0","sr":"2.88"},{"i":"1367","a":"3","o":"38","mo":"3","r":"117","w":"1","nb":"1","wd":"0","sr":"3.07"},{"i":"2962","a":"3","o":"2","mo":"0","r":"7","w":"0","nb":"0","wd":"0","sr":"3.5"},{"i":"3700","a":"3","o":"13","mo":"2","r":"38","w":"2","nb":"0","wd":"0","sr":"2.92"}]}},"fw":{"n":"3","d":[{"c":"Ojha to Tim McIntosh, <b> OUT! Ojha provides India the break! </b> McIntosh wasn&#39;t happy with that decision but he misses out on a half-century here! Ojha is delighted and so are the others! It was a tossed up delivery outside off, McIntosh shaped to sweep it and the ball took a thin inside edge onto the pads and then went on the leg side. Pujara there at short-leg did not take evasive action and stood firm to take a sharp catch to his left. He is the substitute fielder and does the trick for the home side. New Zealand one down!</b>","ro":"36","n":"4","v":"0"},{"c":"P Ojha to Guptill, <b> OUT! Ojha strikes again! </b> India have the second Kiwi wicket! Guptill walks back! It was a quicker delivery, short outside off, Guptill went on the backfoot to cut it square but edged it behind to the keeper. Dhoni took a comfortable catch and they knew straight away that it was out. Though, there was some <b> drama in the end </b> as the Umpire asked Guptill to wait back while he checked for overstepping. The TV replay suggested the Ojha was ok and Umpire Taufel raised his finger again.</b>","ro":"54","n":"6","v":"0"},{"c":"Sreesanth to R Taylor, <b> OUT! Sound of Timber! </b> The off stump has gone for a walk! Sreesanth cleans up Taylor with a peach of a delivery! New Zealand three down! A length delivery, pitches just outside off and comes back in slightly, Taylor played down the wrong line and left a good 3-inch gap between his bat and pad. The ball sneaked through and rattled the off stump. Seeing the sight, Sreesanth straight away turned back and went to celebrate it with Zaheer. May be, he had some advice just before that ball was bowled. Meanwhile, it did not end there, Umpire Dharmasena was unsure about the overstepping and he checked it with the TV Umpire. It seems, this No Ball referrals are becoming a trend now!</b>","ro":"61","n":"1","v":"0"},{"c":"Raina to Ryder, <b> OUT! Raina scalps Ryder! </b> India have got the big fish! The Raina-move has worked for Dhoni! Tossed up delivery, just outside off, curves away. Ryder leaned into his front foot stride and was looking to defend but the ball takes the outside edge and goes straight into Dhoni&#39;s gloves. That is definitely a big wicket! Ryder loves to score against India but misses out today.</b>","ro":"69","n":"3","v":"0"},{"c":"Singh to Williamson, <b> OUT! Harbhajan strikes! </b> The bowler forces Williamson to make that mistake of playing across! Williamson departs! But is that too late? It was a flighted delivery on the middle, turned in, the batsman played across and tried to tuck it on the leg side. Failed to make contact and was hit on the pads. A strong appeal from Harbhajan and the others. Umpire Taufel says OUT!</b>","ro":"108","n":"6","v":"0"},{"c":"S Raina to Vettori, <b> OUT! Sharp catch! </b> Dravid is the man! A flighted delivery outside off, Vettori comes down the track and smashes it uppishly through the off side. Dravid at short extra covers lunges to his left and takes the catch. That was  <b> Dravid&#39;s 199th Test catch. </b></b>","ro":"121","n":"6","v":"0"},{"c":"Sreesanth to McCullum, <b> OUT! McCullum departs for 225! </b> Slower delivery from behind the hand, McCullum was foxed big time as he went on with the shot coming down the wicket. It went high in the air and Raina at mid-on is safe as houses, takes a comfortable catch. New Zealand have lost their seventh wicket and fine fine knock by McCullum comes to an end.</b>","ro":"129","n":"3","v":"0"},{"c":"Sreesanth to Southee, <b> OUT! Shattered! </b> Sreesanth picks up another one! This is a dream sight for a fast bowler! All three stumps down! Sree runs in hard, bowls a good length delivery straight on the middle, Southee goes for a whack and misses it completely. Sreesanth is delighted!</b>","ro":"133","n":"1","v":"0"}]}},{"s":{"m":"1","t":"1","i":"2","ps":"0","dm":"Day 4","sn":"1","d":"Innings Break","a":{"fo":"0","pp":null,"i":"4","cr":"3.29","r":"472","o":"143.4","w":"10","b":"4","lb":"8","wd":"1","nb":"1","pt":"0","l":"0","tl":"leads by 122","cp":{"cp":"105","bls":"158","s":"2"}},"toss":{"win":"5","bat":"1","text":"xxx-xxx-xxx"},"result":"0","ts":"1289797004","fw":[{"o":"1","t":"160","id":"270","ov":"40.5"},{"o":"2","t":"160","id":"3478","ov":"41.3"},{"o":"3","t":"184","id":"2962","ov":"53.1"},{"o":"4","t":"259","id":"1004","ov":"88"},{"o":"5","t":"311","id":"3700","ov":"99.5"},{"o":"6","t":"326","id":"1804","ov":"104.5"},{"o":"7","t":"336","id":"3676","ov":"106"},{"o":"8","t":"355","id":"1717","ov":"114.5"},{"o":"9","t":"367","id":"3995","ov":"117.2"},{"o":"10","t":"472","id":"3726","ov":"143.4"}]},"d":{"a":{"t":[{"i":"3478","a":"1","c":"c Gareth Hopkins b Tim Southee","b":"129","r":"54","sr":"41.8604651","six":"0","four":"7"},{"i":"270","a":"1","c":"b Daniel Vettori","b":"120","r":"96","sr":"80","six":"1","four":"15"},{"i":"1004","a":"1","c":"lbw b Tim Southee","b":"144","r":"45","sr":"31.25","six":"0","four":"5"},{"i":"2962","a":"1","c":"c Ross Taylor b Daniel Vettori","b":"28","r":"13","sr":"46.4285714","six":"0","four":"1"},{"i":"1804","a":"1","c":"lbw b Chris Martin","b":"160","r":"74","sr":"46.25","six":"0","four":"11"},{"i":"3700","a":"1","c":"c Martin Guptill b Daniel Vettori","b":"30","r":"20","sr":"66.6666667","six":"0","four":"3"},{"i":"3676","a":"1","c":"c Brendon McCullum b Daniel Vettori","b":"21","r":"14","sr":"66.6666667","six":"0","four":"1"},{"i":"1367","a":"3","c":"not out","b":"116","r":"111","sr":"95.6896552","six":"7","four":"7"},{"i":"1717","a":"1","c":"c Brent Arnel b Tim Southee","b":"37","r":"7","sr":"18.9189189","six":"0","four":"1"},{"i":"3995","a":"1","c":"run out (Tim Southee)","b":"7","r":"0","sr":"0","six":"0","four":"0"},{"i":"3726","a":"1","c":"lbw b Daniel Vettori","b":"71","r":"24","sr":"33.8028169","six":"0","four":"3"}]},"o":{"t":[{"i":"1937","a":"3","o":"29","mo":"6","r":"87","w":"1","nb":"1","wd":"0","sr":"3"},{"i":"4235","a":"3","o":"33","mo":"6","r":"119","w":"3","nb":"0","wd":"1","sr":"3.6"},{"i":"4962","a":"3","o":"24","mo":"5","r":"79","w":"0","nb":"0","wd":"0","sr":"3.29"},{"i":"3083","a":"3","o":"49.4","mo":"7","r":"135","w":"5","nb":"0","wd":"0","sr":"2.71"},{"i":"4330","a":"3","o":"7","mo":"0","r":"31","w":"0","nb":"0","wd":"0","sr":"4.42"},{"i":"3752","a":"3","o":"1","mo":"0","r":"9","w":"0","nb":"0","wd":"0","sr":"9"}]}},"fw":{"n":"2","d":[{"c":"D Vettori to Sehwag, <b> OUT! Sehwag is gone! </b> The dashing opener throws his wicket away! He was just 4 runs away from his 23rd hundred! Vettori is delighted! A full delivery, straight on the middle, Sehwag gets down to whack it on the leg side but misses it completely. The ball hits timber! One just can&#39;t blame Sehwag for that shot, he normally plays like that! The crowd is stunned! Though, they applaud the effort!</b>","ro":"41","n":"5","v":"0"},{"c":"Tim Southee to Gambhir, <b> OUT! Gambhir departs as well! </b> New Zealand have somewhat made a comeback in the game with a couple of quick strikes! It is often said that when you scalp up one batsman from a partnership, you manage to get the other one as well. Though, Gambhir wasn&#39;t pleased with that decision by Umpire Dharmasena! It was a shortish delivery, banged in, going down, takes a thin edge onto the thigh-pads and then to the keeper. The Kiwis appeal in unison and to their delight, the Umpire raises his finger. Gambhir makes a sad walk back!</b>","ro":"42","n":"3","v":"0"},{"c":"D Vettori to S Tendulkar, <b> OUT! Stunner from Taylor! </b> Tendulkar walks back! He gives the charge and pays the price! The attack and pressure from the Kiwis has worked! A flighted delivery on the middle and leg, turns slightly, Sach walks down the track to whack it on the leg side but gets a thick edge which flies through the slip region. Taylor shows amazing reflexes and plucks it out with his right hand over his head. It went pretty quick but he made it look very easy. Vettori is mighty pleased! India three down!</b>","ro":"54","n":"1","v":"0"},{"c":"Tim Southee to Dravid, <b> OUT! This time Dravid is gone! </b> He is trapped dead straight in front of the stumps! This is excellent bowling by Southee! A ripper to get rid of the set batsman! Length delivery, on the middle, nibs back in sharply, Dravid leans over to flick it on the leg side but doesn&#39;t connect. The Kiwis appeal and a straight forward decision for Umpire Dharmasena. Dravid is not happy with himself! Some silence around the ground!</b>","ro":"88","n":"6","v":"0"},{"c":"D Vettori to Raina, <b> OUT! A shocker from Raina! </b> He throws his wicket away and Vettori can only laugh at it! The Kiwis have one more in the session! It was a flighted delivery on the middle, Raina chipped down the track and slogged it high in the air on the leg side. There was a fielder in the deep and Guptill takes a good high catch at mid-wicket. It is hard to understand why did he attempt such a stroke. Anyways, India are five down and the India skipper will walk in.</b>","ro":"100","n":"5","v":"0"},{"c":"Martin to Laxman, <b> OUT! Laxman departs! </b> What a great start to the session for New Zealand! Martin traps Laxman leg before! Short of good length delivery, just outside off, nibs back in and strikes Laxman high on the pads but in the line of the stumps. They all appeal and Umpire Taufel raises his finger. Pin drop silence in the stands! Nevertheless, a fine knock by Laxman!</b>","ro":"105","n":"5","v":"0"},{"c":"D Vettori to MS Dhoni, <b> OUT! Vettori has 4! </b> Soft dismissal! Dhoni&#39;s not-so-good run continues! It was a well tossed up delivery outside off, deceives Dhoni in the air who leans forward to push it through the off side, plays it uppishly through covers and hands a dolly to McCullum. New Zealand are already having a great session! Laxman and Dhoni both back in the pavilion!</b>","ro":"106","n":"6","v":"0"},{"c":"Tim Southee to Khan, <b> OUT! </b> Zaheer throws it away! The short-pitch stuff from the Kiwis works! A banged-in delivery, directed well, Khan goes for the hook but gets a top edge high in the air towards deep fine-leg. Arnel gets under it and takes a good catch. India lose their eighth!</b>","ro":"115","n":"5","v":"0"},{"c":"Vettori to Ojha, <b> OUT! A Run Out! </b> That was a suicidal run and Ojha pays the price! Flighted delivery outside off, Ojha dabs it towards cover-point and there is hesitation for the single. They go for it, the fielder throws it to the non-striker&#39;s end where Vettori collects and whips the bails off. Ojha is well short of his crease!</b>","ro":"118","n":"2","v":"0"},{"c":"D Vettori to Sreesanth, <b> OUT! India have been finally bowled out! </b> Vettori has five! The frustration comes to an end! It was a flatter delivery, came in from outside off and struck Sreesanth on the pads. The Kiwis went up for the appeal and Umpire Dharmasena raised his finger. Sreesanth wasn&#39;t pleased! He felt he had got some bat there but anyways, the 105-run stand for the last wicket has been broken! The Hyderabad crowd acknowledges the effort of the tail! What great entertainment for them!</b>","ro":"144","n":"4","v":"0"}]}},{"s":{"m":"1","t":"1","i":"1","ps":"0","dm":"Day 2","sn":"2","ro":"56.4","d":"Play In Progress","a":{"fo":"0","pp":null,"i":"5","cr":"2.98","r":"350","o":"117.3","w":"10","b":"2","lb":"20","wd":"1","nb":"4","pt":"0","l":"0","cp":{"cp":"12","bls":"37","s":"4"}},"toss":{"win":"5","bat":"1","text":"xxx-xxx-xxx"},"result":"0","ts":"1289633373","fw":[{"o":"1","t":"4","id":"1979","ov":"3.2"},{"o":"2","t":"151","id":"4964","ov":"49.5"},{"o":"3","t":"206","id":"3752","ov":"68.1"},{"o":"4","t":"253","id":"5342","ov":"88.2"},{"o":"5","t":"269","id":"3568","ov":"92.5"},{"o":"6","t":"287","id":"4330","ov":"96.2"},{"o":"7","t":"312","id":"3083","ov":"103.5"},{"o":"8","t":"331","id":"4234","ov":"109.1"},{"o":"9","t":"338","id":"4235","ov":"111.2"},{"o":"10","t":"350","id":"1937","ov":"117.3"}]},"d":{"a":{"t":[{"i":"5342","a":"1","c":"b Zaheer Khan","b":"254","r":"102","sr":"40.1574803","six":"1","four":"10"},{"i":"1979","a":"1","c":"c MS Dhoni b Sreesanth","b":"8","r":"4","sr":"50","six":"0","four":"1"},{"i":"4964","a":"1","c":"lbw b Pragyan Ojha","b":"160","r":"85","sr":"53.125","six":"1","four":"9"},{"i":"3752","a":"1","c":"c MS Dhoni b Zaheer Khan","b":"53","r":"24","sr":"45.2830189","six":"0","four":"1"},{"i":"4234","a":"1","c":"c VVS Laxman b Harbhajan Singh","b":"120","r":"70","sr":"58.3333333","six":"0","four":"10"},{"i":"3568","a":"1","c":"lbw b Zaheer Khan","b":"11","r":"4","sr":"36.3636364","six":"0","four":"1"},{"i":"4330","a":"1","c":"lbw b Zaheer Khan","b":"12","r":"4","sr":"33.3333333","six":"0","four":"0"},{"i":"3083","a":"1","c":"lbw b Harbhajan Singh","b":"22","r":"11","sr":"50","six":"0","four":"1"},{"i":"4235","a":"1","c":"st MS Dhoni b Harbhajan Singh","b":"26","r":"10","sr":"38.4615385","six":"0","four":"1"},{"i":"4962","a":"3","c":"not out","b":"29","r":"6","sr":"20.6896552","six":"0","four":"0"},{"i":"1937","a":"1","c":"c Virender Sehwag b Harbhajan Singh","b":"14","r":"3","sr":"21.4285714","six":"0","four":"0"}]},"o":{"t":[{"i":"1717","a":"3","o":"27","mo":"8","r":"69","w":"4","nb":"0","wd":"0","sr":"2.55"},{"i":"3726","a":"3","o":"21","mo":"1","r":"88","w":"1","nb":"4","wd":"1","sr":"4.19"},{"i":"1367","a":"3","o":"35.3","mo":"10","r":"76","w":"4","nb":"0","wd":"0","sr":"2.14"},{"i":"3995","a":"3","o":"27","mo":"4","r":"80","w":"1","nb":"0","wd":"0","sr":"2.96"},{"i":"3700","a":"3","o":"7","mo":"2","r":"15","w":"0","nb":"0","wd":"0","sr":"2.14"}]}},"fw":{"n":"1","d":[{"c":"Sreesanth to McCullum, <b> OUT! Sreesanth strikes! </b> New Zealand have lost McCullum! That one was a Jaffa! Short of good length delivery, bowled with an upright seam, swung away late, extra bounce, McCullum was on the backfoot and tried to fend it but got a thick outside edge behind to Dhoni who made no mistake. Indians are delighted! And for a change, Sreesanth is calm and composed!</b>","ro":"4","n":"2","v":"0"},{"c":"Ojha to Guptill, <b> OUT! </b> LBW! And India finally get the break-through! This time it is a legal delivery! Landed on leg stump, Guptill went right back in his crease to work it to the on side but missed and was hit on the pad, Ojha appealed, Dharmasena thought for a long time and then raised his finger! It looked to be sliding down the leg side but replays show the ball turning back in a touch and hitting the leg stump! Also, Guptill had moved too far across. What a partnership, 147 for the second wicket. Finally, Guptill gets back into some form, scoring a valuable 85.</b>","ro":"50","n":"5","v":"0"},{"c":"Z Khan to Taylor, <b> OUT! Taylor departs! </b> Zaheer does the trick for India! How many times do we see him provide a break when the side needs it the most? He did set up Taylor there and finally managed to take his outside edge. It was a good length delivery, wide outside off, Taylor poked at it and edged it behind to the keeper. The players are delighted to see the back of Taylor. The sparse crowd erupts!</b>","ro":"69","n":"1","v":"0"},{"c":"Z Khan to McIntosh, <b> OUT! Zaheer scalps McIntosh right towards the end! </b> This is the sixth time that Zaheer Khan has dismissed the left-hander! It was a tired shot after all! A length delivery, outside off, McIntosh plays it away from his body and gets a thick inside edge back onto the middle stump. McIntosh departs after a well made 102! The Indians are pleased!</b>","ro":"89","n":"2","v":"0"},{"c":"Z Khan to Hopkins, <b> OUT! India have struck! </b> Zaheer it is once again! It was an error in judgement by Hopkins and he pays the price for it! From round the wicket, Zaheer bowled that inswinger, Hopkins did not read it and wanted to leave it alone. The ball came in sharply and struck him on the pads. It was definitely going on to hit the stumps and Umpire Taufel had no doubt in his mind. An easy decision for the Umpire with the batsman not offering a shot!</b>","ro":"93","n":"5","v":"0"},{"c":"Z Khan to Williamson, <b> OUT! Zaheer has one more! </b> New Zealand six down! That one was dead straight! Fullish delivery, coming in with the angle, Williamson looks to play it across and is trapped on his front foot stride. That is a straight forward decision for Umpire Taufel as the Indians appeal. Zaheer Khan has four now and will surely look for a five-for! He&#39;s been sensational this morning! New Zealand need a big partnership now!</b>","ro":"97","n":"2","v":"0"},{"c":"Singh to Vettori, <b> OUT! Harbhajan strikes! </b> Once again an appeal and this time Umpire Dharmasena raises his finger! Vettori isn&#39;t pleased! He waits for a few seconds and then takes a slow walk back to the Pavilion! The delivery was floated on the middle, but was held back slightly, Vettori once again tries to sweep it and misses it completely. The ball strikes him dead in front of the stumps. The crowd erupts!</b>","ro":"104","n":"5","v":"0"},{"c":"H Singh to J Ryder, <b> OUT! Harbhajan scalps Ryder before lunch! </b> It was from round the wicket, a tossed up delivery, pitching on the middle, curving away, Ryder looks to defend but gets a thick outside edge to Laxman at first slip who wouldn&#39;t miss out on those straight forward chances. New Zealand are eight wickets down!</b>","ro":"110","n":"1","v":"0"},{"c":"H Singh to Southee, <b> OUT! </b> Southee is stumped! Tossed up delivery outside off, the batsman comes down the track and tries to whack the bowler, fails to connect and Dhoni collects the ball to whip the bails over. As simple as you like! Harbhajan has three and the Kiwis are nine down!</b>","ro":"112","n":"2","v":"0"},{"c":"H Singh to Martin, <b> OUT! New Zealand have been bowled out! </b> That was a good sharp catch by Sehwag to get rid of Martin! As soon as he takes the catch, he runs to the Pavilion to get ready to bat! It was a flighted delivery on the middle, turning down, Martin flicked it off his pads and the ball went fine, Sehwag at leg gully, plucked it out with just his right hand. A nice way to end the Kiwi innings! India will be pretty happy with the proceedings so far in the day!</b>","ro":"118","n":"3","v":"0"}]}}],"toss":{"win":"5","bat":"1","text":"xxx-xxx-xxx"},"ms":"Match Ended","tz":null,"result":{"r":"2","winner":"0","by":"xxx-xxx-xxx","how":"drew","isdl":"0","isso":"0","isff":"0","desc":null,"mom":{"fn":"Brendon McCullum","i":"0"}},"cts":"1472636958"}}}}